timestamp,strategy,event_type,spot,atm,ce_ltp,pe_ltp,total_premium,dte,regime,action,size,order_ids,fill_prices,pnl_after,notes
2025-10-15T17:59:47.717955,rolling_straddle,entry,75000,75000,100,120,220,3,,enter,1,"[{'action': 'sell', 'instrument': 'SENSEX251016C75000', 'lots': 1}, {'action': 'sell', 'instrument': 'SENSEX251016P75000', 'lots': 1}]",stub,,
2025-10-15T18:00:17.720905,iron_fly,entry,75000,75000,100,120,220,3,,enter,1,"[{'action': 'sell', 'instrument': 'SENSEX251016C75000', 'lots': 1}, {'action': 'sell', 'instrument': 'SENSEX251016P75000', 'lots': 1}]",stub,,
2025-10-15T18:17:35.991461,rolling_straddle,entry,82605.43,82600.0,231.65,132.15,363.8,3,,enter,1,"[{'action': 'sell', 'instrument': 'SENSEX251016C82600', 'lots': 1}, {'action': 'sell', 'instrument': 'SENSEX251016P82600', 'lots': 1}]",All orders sent,,
2025-10-15T18:18:08.510575,iron_fly,entry,82605.43,82600.0,231.65,132.15,363.8,3,,enter,1,"[{'action': 'sell', 'instrument': 'SENSEX251016C82600', 'lots': 1}, {'action': 'sell', 'instrument': 'SENSEX251016P82600', 'lots': 1}]",All orders sent,,
2025-10-16T04:26:59.783241,rolling_straddle,entry,82983.46,83000.0,140.2,115.0,255.2,3,,enter,1,"[{'action': 'sell', 'instrument': 'SENSEX251016C83000', 'lots': 1}, {'action': 'sell', 'instrument': 'SENSEX251016P83000', 'lots': 1}]",All orders sent,,
2025-10-16T04:46:22.937565,rolling_straddle,entry,82950.89,83000.0,112.0,143.75,255.75,3,,enter,1,"[{'action': 'sell', 'instrument': 'SENSEX251016C83000', 'lots': 1}, {'action': 'sell', 'instrument': 'SENSEX251016P83000', 'lots': 1}]",All orders sent,,
2025-10-16T04:57:04.203184,rolling_straddle,entry,83053.37,83100.0,87.9,155.8,243.70000000000002,3,,enter,1,"[{'action': 'sell', 'instrument': 'SENSEX251016C83100', 'lots': 1}, {'action': 'sell', 'instrument': 'SENSEX251016P83100', 'lots': 1}]",All orders sent,,
2025-10-16T04:59:07.727773,rolling_straddle,entry,83033.76,83000.0,142.3,95.0,237.3,3,,enter,1,"[{'action': 'sell', 'instrument': 'SENSEX251016C83000', 'lots': 1}, {'action': 'sell', 'instrument': 'SENSEX251016P83000', 'lots': 1}]",All orders sent,,
2025-10-16T05:00:40.723123,rolling_straddle,entry,83037.78,83000.0,145.05,91.75,236.8,3,,enter,1,"[{'action': 'sell', 'instrument': 'SENSEX251016C83000', 'lots': 1}, {'action': 'sell', 'instrument': 'SENSEX251016P83000', 'lots': 1}]",All orders sent,,
2025-10-16T05:02:43.953851,rolling_straddle,entry,83059.04,83100.0,90.55,140.4,230.95,3,,enter,1,"[{'action': 'sell', 'instrument': 'SENSEX251016C83100', 'lots': 1}, {'action': 'sell', 'instrument': 'SENSEX251016P83100', 'lots': 1}]",All orders sent,,
2025-10-16T05:06:19.675450,rolling_straddle,entry,83062.18,83100.0,94.45,135.75,230.2,3,,enter,1,"[{'action': 'sell', 'instrument': 'SENSEX251016C83100', 'lots': 1}, {'action': 'sell', 'instrument': 'SENSEX251016P83100', 'lots': 1}]",All orders sent,,
2025-10-16T05:07:53.416412,rolling_straddle,entry,83047.92,83000.0,148.0,87.2,235.2,3,,enter,1,"[{'action': 'sell', 'instrument': 'SENSEX251016C83000', 'lots': 1}, {'action': 'sell', 'instrument': 'SENSEX251016P83000', 'lots': 1}]",All orders sent,,
2025-10-16T05:09:26.497304,rolling_straddle,entry,83076.9,83100.0,93.75,134.25,228.0,3,,enter,1,"[{'action': 'sell', 'instrument': 'SENSEX251016C83100', 'lots': 1}, {'action': 'sell', 'instrument': 'SENSEX251016P83100', 'lots': 1}]",All orders sent,,
2025-10-16T05:11:30.087314,rolling_straddle,entry,83060.7,83100.0,92.3,135.85,228.14999999999998,3,,enter,1,"[{'action': 'sell', 'instrument': 'SENSEX251016C83100', 'lots': 1}, {'action': 'sell', 'instrument': 'SENSEX251016P83100', 'lots': 1}]",All orders sent,,
2025-10-16T05:24:44.488096,rolling_straddle,entry,83072.37,83100.0,91.8,129.0,220.8,3,,enter,1,"[{'action': 'sell', 'instrument': 'SENSEX251016C83100', 'lots': 1}, {'action': 'sell', 'instrument': 'SENSEX251016P83100', 'lots': 1}]",All orders sent,,
2025-10-16T05:54:56.713074,rolling_straddle,entry,83050.13,83100.0,76.1,138.45,214.54999999999998,3,,enter,1,"[{'action': 'sell', 'instrument': 'SENSEX251016C83100', 'lots': 1}, {'action': 'sell', 'instrument': 'SENSEX251016P83100', 'lots': 1}]",All orders sent,,
2025-10-16T06:04:53.214303,rolling_straddle,entry,83051.62,83100.0,75.35,131.65,207.0,3,,enter,1,"[{'action': 'sell', 'instrument': 'SENSEX251016C83100', 'lots': 1}, {'action': 'sell', 'instrument': 'SENSEX251016P83100', 'lots': 1}]",All orders sent,,
2025-10-16T06:06:31.238868,rolling_straddle,entry,83053.98,83100.0,78.6,126.7,205.3,3,,enter,1,"[{'action': 'sell', 'instrument': 'SENSEX251016C83100', 'lots': 1}, {'action': 'sell', 'instrument': 'SENSEX251016P83100', 'lots': 1}]",All orders sent,,
2025-10-16T06:09:13.557569,rolling_straddle,entry,83065.15,83100.0,79.45,127.85,207.3,3,,enter,1,"[{'action': 'sell', 'instrument': 'SENSEX251016C83100', 'lots': 1}, {'action': 'sell', 'instrument': 'SENSEX251016P83100', 'lots': 1}]",All orders sent,,
2025-10-16T06:11:49.732602,rolling_straddle,entry,83038.9,83000.0,129.25,81.6,210.85,3,,enter,1,"[{'action': 'sell', 'instrument': 'SENSEX251016C83000', 'lots': 1}, {'action': 'sell', 'instrument': 'SENSEX251016P83000', 'lots': 1}]",All orders sent,,
2025-10-16T06:23:19.190093,rolling_straddle,entry,83027.41,83000.0,122.6,76.85,199.45,3,,enter,1,"[{'action': 'sell', 'instrument': 'SENSEX251016C83000', 'lots': 1}, {'action': 'sell', 'instrument': 'SENSEX251016P83000', 'lots': 1}]",All orders sent,,
2025-10-16T06:25:30.074294,rolling_straddle,entry,83028.39,83000.0,126.45,76.35,202.8,3,,enter,1,"[{'action': 'sell', 'instrument': 'SENSEX251016C83000', 'lots': 1}, {'action': 'sell', 'instrument': 'SENSEX251016P83000', 'lots': 1}]",All orders sent,,
2025-10-16T06:27:08.875223,rolling_straddle,entry,83021.65,83000.0,125.45,77.1,202.55,3,,enter,1,"[{'action': 'sell', 'instrument': 'SENSEX251016C83000', 'lots': 1}, {'action': 'sell', 'instrument': 'SENSEX251016P83000', 'lots': 1}]",All orders sent,,
2025-10-16T06:34:02.282461,rolling_straddle,entry,83039.69,83000.0,113.65,71.45,185.10000000000002,3,,enter,1,"[{'action': 'sell', 'instrument': 'SENSEX251016C83000', 'lots': 1}, {'action': 'sell', 'instrument': 'SENSEX251016P83000', 'lots': 1}]",All orders sent,,
2025-10-16T06:38:48.960700,rolling_straddle,entry,83037.87,83000.0,121.45,70.4,191.85000000000002,3,,enter,1,"[{'action': 'sell', 'instrument': 'SENSEX251016C83000', 'lots': 1}, {'action': 'sell', 'instrument': 'SENSEX251016P83000', 'lots': 1}]",All orders sent,,
2025-10-16T06:43:34.943513,rolling_straddle,entry,83086.23,83100.0,79.6,96.3,175.89999999999998,3,,enter,1,"[{'action': 'sell', 'instrument': 'SENSEX251016C83100', 'lots': 1}, {'action': 'sell', 'instrument': 'SENSEX251016P83100', 'lots': 1}]",All orders sent,,
2025-10-16T06:52:00.202521,rolling_straddle,entry,83122.61,83100.0,107.2,73.2,180.4,3,,enter,1,"[{'action': 'sell', 'instrument': 'SENSEX251016C83100', 'lots': 1}, {'action': 'sell', 'instrument': 'SENSEX251016P83100', 'lots': 1}]",All orders sent,,
2025-10-16T06:53:40.654416,rolling_straddle,entry,83141.24,83100.0,109.0,70.95,179.95,3,,enter,1,"[{'action': 'sell', 'instrument': 'SENSEX251016C83100', 'lots': 1}, {'action': 'sell', 'instrument': 'SENSEX251016P83100', 'lots': 1}]",All orders sent,,
2025-10-16T06:56:19.145986,rolling_straddle,entry,83160.65,83200.0,81.8,113.45,195.25,3,,enter,1,"[{'action': 'sell', 'instrument': 'SENSEX251016C83200', 'lots': 1}, {'action': 'sell', 'instrument': 'SENSEX251016P83200', 'lots': 1}]",All orders sent,,
2025-10-16T07:43:49.819131,rolling_straddle,entry,83248.61,83200.0,98.7,70.2,168.9,3,,enter,1,"[{'action': 'sell', 'instrument': 'SENSEX251016C83200', 'lots': 1}, {'action': 'sell', 'instrument': 'SENSEX251016P83200', 'lots': 1}]",All orders sent,,
2025-10-16T07:45:28.932763,rolling_straddle,entry,83253.75,83300.0,61.0,123.5,184.5,3,,enter,1,"[{'action': 'sell', 'instrument': 'SENSEX251016C83300', 'lots': 1}, {'action': 'sell', 'instrument': 'SENSEX251016P83300', 'lots': 1}]",All orders sent,,
2025-10-16T07:47:37.543867,rolling_straddle,entry,83233.84,83200.0,94.0,73.45,167.45,3,,enter,1,"[{'action': 'sell', 'instrument': 'SENSEX251016C83200', 'lots': 1}, {'action': 'sell', 'instrument': 'SENSEX251016P83200', 'lots': 1}]",All orders sent,,
2025-10-16T07:53:21.089403,rolling_straddle,entry,83235.5,83200.0,79.15,78.65,157.8,3,,enter,1,"[{'action': 'sell', 'instrument': 'SENSEX251016C83200', 'lots': 1}, {'action': 'sell', 'instrument': 'SENSEX251016P83200', 'lots': 1}]",All orders sent,,
2025-10-16T07:57:32.381785,rolling_straddle,entry,83271.62,83300.0,56.85,118.1,174.95,3,,enter,1,"[{'action': 'sell', 'instrument': 'SENSEX251016C83300', 'lots': 1}, {'action': 'sell', 'instrument': 'SENSEX251016P83300', 'lots': 1}]",All orders sent,,
2025-10-16T08:12:35.625052,rolling_straddle,entry,83229.5,83200.0,109.35,54.9,164.25,3,,enter,1,"[{'action': 'sell', 'instrument': 'SENSEX251016C83200', 'lots': 1}, {'action': 'sell', 'instrument': 'SENSEX251016P83200', 'lots': 1}]",All orders sent,,
2025-10-16T08:14:12.338798,rolling_straddle,entry,83295.19,83300.0,66.25,88.1,154.35,3,,enter,1,"[{'action': 'sell', 'instrument': 'SENSEX251016C83300', 'lots': 1}, {'action': 'sell', 'instrument': 'SENSEX251016P83300', 'lots': 1}]",All orders sent,,
2025-10-16T08:33:43.435158,rolling_straddle,entry,83363.69,83400.0,41.7,122.8,164.5,3,,enter,1,"[{'action': 'sell', 'instrument': 'SENSEX251016C83400', 'lots': 1}, {'action': 'sell', 'instrument': 'SENSEX251016P83400', 'lots': 1}]",All orders sent,,
2025-10-16T08:54:57.821986,rolling_straddle,entry,83481.83,83500.0,59.4,103.0,162.4,3,,enter,1,"[{'action': 'sell', 'instrument': 'SENSEX251016C83500', 'lots': 1}, {'action': 'sell', 'instrument': 'SENSEX251016P83500', 'lots': 1}]",All orders sent,,
2025-10-16T08:57:05.470375,rolling_straddle,entry,83446.88,83400.0,94.8,55.25,150.05,3,,enter,1,"[{'action': 'sell', 'instrument': 'SENSEX251016C83400', 'lots': 1}, {'action': 'sell', 'instrument': 'SENSEX251016P83400', 'lots': 1}]",All orders sent,,
2025-10-16T08:58:42.179532,rolling_straddle,entry,83469.73,83500.0,53.5,95.45,148.95,3,,enter,1,"[{'action': 'sell', 'instrument': 'SENSEX251016C83500', 'lots': 1}, {'action': 'sell', 'instrument': 'SENSEX251016P83500', 'lots': 1}]",All orders sent,,
2025-10-16T09:07:32.410330,rolling_straddle,entry,83560.87,83600.0,49.8,90.0,139.8,3,,enter,1,"[{'action': 'sell', 'instrument': 'SENSEX251016C83600', 'lots': 1}, {'action': 'sell', 'instrument': 'SENSEX251016P83600', 'lots': 1}]",All orders sent,,
2025-10-16T09:09:09.230829,rolling_straddle,entry,83528.79,83500.0,90.9,48.95,139.85000000000002,3,,enter,1,"[{'action': 'sell', 'instrument': 'SENSEX251016C83500', 'lots': 1}, {'action': 'sell', 'instrument': 'SENSEX251016P83500', 'lots': 1}]",All orders sent,,
2025-10-16T09:16:25.832999,rolling_straddle,entry,83579.86,83600.0,44.05,71.4,115.45,3,,enter,1,"[{'action': 'sell', 'instrument': 'SENSEX251016C83600', 'lots': 1}, {'action': 'sell', 'instrument': 'SENSEX251016P83600', 'lots': 1}]",All orders sent,,
2025-10-16T09:18:33.083679,rolling_straddle,entry,83534.94,83500.0,71.15,54.8,125.95,3,,enter,1,"[{'action': 'sell', 'instrument': 'SENSEX251016C83500', 'lots': 1}, {'action': 'sell', 'instrument': 'SENSEX251016P83500', 'lots': 1}]",All orders sent,,
2025-10-16T09:24:48.056135,rolling_straddle,entry,83542.48,83500.0,72.05,28.3,100.35,3,,enter,1,"[{'action': 'sell', 'instrument': 'SENSEX251016C83500', 'lots': 1}, {'action': 'sell', 'instrument': 'SENSEX251016P83500', 'lots': 1}]",All orders sent,,
2025-10-16T09:27:56.977771,rolling_straddle,entry,83572.47,83600.0,28.5,68.2,96.7,3,,enter,1,"[{'action': 'sell', 'instrument': 'SENSEX251016C83600', 'lots': 1}, {'action': 'sell', 'instrument': 'SENSEX251016P83600', 'lots': 1}]",All orders sent,,
2025-10-16T09:33:34.006183,rolling_straddle,entry,83461.93,83500.0,38.15,29.8,67.95,3,,enter,1,"[{'action': 'sell', 'instrument': 'SENSEX251016C83500', 'lots': 1}, {'action': 'sell', 'instrument': 'SENSEX251016P83500', 'lots': 1}]",All orders sent,,
2025-10-16T09:36:38.031438,rolling_straddle,entry,83442.71,83400.0,69.75,12.35,82.1,3,,enter,1,"[{'action': 'sell', 'instrument': 'SENSEX251016C83400', 'lots': 1}, {'action': 'sell', 'instrument': 'SENSEX251016P83400', 'lots': 1}]",All orders sent,,
2025-10-16T09:38:10.920998,rolling_straddle,entry,83431.0,83400.0,80.65,10.75,91.4,3,,enter,1,"[{'action': 'sell', 'instrument': 'SENSEX251016C83400', 'lots': 1}, {'action': 'sell', 'instrument': 'SENSEX251016P83400', 'lots': 1}]",All orders sent,,
2025-10-16T09:41:50.696438,rolling_straddle,entry,83470.85,83500.0,5.2,38.7,43.900000000000006,3,,enter,1,"[{'action': 'sell', 'instrument': 'SENSEX251016C83500', 'lots': 1}, {'action': 'sell', 'instrument': 'SENSEX251016P83500', 'lots': 1}]",All orders sent,,
2025-10-16T09:43:26.265739,rolling_straddle,entry,83482.97,83500.0,4.95,50.85,55.800000000000004,3,,enter,1,"[{'action': 'sell', 'instrument': 'SENSEX251016C83500', 'lots': 1}, {'action': 'sell', 'instrument': 'SENSEX251016P83500', 'lots': 1}]",All orders sent,,
2025-10-16T09:45:00.433606,rolling_straddle,entry,83373.17,83400.0,60.3,5.35,65.64999999999999,3,,enter,1,"[{'action': 'sell', 'instrument': 'SENSEX251016C83400', 'lots': 1}, {'action': 'sell', 'instrument': 'SENSEX251016P83400', 'lots': 1}]",All orders sent,,
2025-10-16T09:46:35.349212,rolling_straddle,entry,83440.48,83400.0,55.85,2.05,57.9,3,,enter,1,"[{'action': 'sell', 'instrument': 'SENSEX251016C83400', 'lots': 1}, {'action': 'sell', 'instrument': 'SENSEX251016P83400', 'lots': 1}]",All orders sent,,
2025-10-16T09:52:11.943457,rolling_straddle,entry,83425.83,83400.0,61.2,0.3,61.5,3,,enter,1,"[{'action': 'sell', 'instrument': 'SENSEX251016C83400', 'lots': 1}, {'action': 'sell', 'instrument': 'SENSEX251016P83400', 'lots': 1}]",All orders sent,,
2025-10-16T10:01:24.655664,rolling_straddle,entry,83467.66,83500.0,0.05,32.3,32.349999999999994,3,,enter,1,"[{'action': 'sell', 'instrument': 'SENSEX251016C83500', 'lots': 1}, {'action': 'sell', 'instrument': 'SENSEX251016P83500', 'lots': 1}]",All orders sent,,
2025-10-17T04:32:37.782871,rolling_straddle,entry,83600.17,83600.0,454.5,372.5,827.0,3,,enter,1,"[{'action': 'sell', 'instrument': 'SENSEX251023C83600', 'lots': 1}, {'action': 'sell', 'instrument': 'SENSEX251023P83600', 'lots': 1}]",All orders sent,,
2025-10-17T04:34:51.619487,rolling_straddle,entry,83628.64,83600.0,455.15,374.35,829.5,3,,enter,1,"[{'action': 'sell', 'instrument': 'SENSEX251023C83600', 'lots': 1}, {'action': 'sell', 'instrument': 'SENSEX251023P83600', 'lots': 1}]",All orders sent,,
2025-10-17T04:39:03.430059,rolling_straddle,entry,83716.15,83700.0,485.25,366.4,851.65,3,,enter,1,"[{'action': 'sell', 'instrument': 'SENSEX251023C83700', 'lots': 1}, {'action': 'sell', 'instrument': 'SENSEX251023P83700', 'lots': 1}]",All orders sent,,
2025-10-17T04:40:39.809972,rolling_straddle,entry,83770.7,83800.0,441.95,396.1,838.05,3,,enter,1,"[{'action': 'sell', 'instrument': 'SENSEX251023C83800', 'lots': 1}, {'action': 'sell', 'instrument': 'SENSEX251023P83800', 'lots': 1}]",All orders sent,,
2025-10-17T04:42:16.031130,rolling_straddle,entry,83781.99,83800.0,454.1,397.2,851.3,3,,enter,1,"[{'action': 'sell', 'instrument': 'SENSEX251023C83800', 'lots': 1}, {'action': 'sell', 'instrument': 'SENSEX251023P83800', 'lots': 1}]",All orders sent,,
2025-10-17T04:59:25.358973,rolling_straddle,entry,83824.36,83800.0,486.4,386.4,872.8,3,,enter,1,"[{'action': 'sell', 'instrument': 'SENSEX251023C83800', 'lots': 1}, {'action': 'sell', 'instrument': 'SENSEX251023P83800', 'lots': 1}]",All orders sent,,
2025-10-17T05:02:34.527501,rolling_straddle,entry,83817.69,83800.0,501.9,373.65,875.55,3,,enter,1,"[{'action': 'sell', 'instrument': 'SENSEX251023C83800', 'lots': 1}, {'action': 'sell', 'instrument': 'SENSEX251023P83800', 'lots': 1}]",All orders sent,,
2025-10-17T05:04:42.234504,rolling_straddle,entry,83840.4,83800.0,513.0,368.5,881.5,3,,enter,1,"[{'action': 'sell', 'instrument': 'SENSEX251023C83800', 'lots': 1}, {'action': 'sell', 'instrument': 'SENSEX251023P83800', 'lots': 1}]",All orders sent,,
2025-10-17T05:06:51.601904,rolling_straddle,entry,83830.2,83800.0,501.8,378.95,880.75,3,,enter,1,"[{'action': 'sell', 'instrument': 'SENSEX251023C83800', 'lots': 1}, {'action': 'sell', 'instrument': 'SENSEX251023P83800', 'lots': 1}]",All orders sent,,
2025-10-17T05:12:06.861100,rolling_straddle,entry,83823.47,83800.0,499.9,378.25,878.15,3,,enter,1,"[{'action': 'sell', 'instrument': 'SENSEX251023C83800', 'lots': 1}, {'action': 'sell', 'instrument': 'SENSEX251023P83800', 'lots': 1}]",All orders sent,,
2025-10-17T05:15:17.111808,rolling_straddle,entry,83862.3,83900.0,463.65,401.8,865.45,3,,enter,1,"[{'action': 'sell', 'instrument': 'SENSEX251023C83900', 'lots': 1}, {'action': 'sell', 'instrument': 'SENSEX251023P83900', 'lots': 1}]",All orders sent,,
2025-10-17T05:17:25.321452,rolling_straddle,entry,83857.93,83900.0,455.75,410.15,865.9,3,,enter,1,"[{'action': 'sell', 'instrument': 'SENSEX251023C83900', 'lots': 1}, {'action': 'sell', 'instrument': 'SENSEX251023P83900', 'lots': 1}]",All orders sent,,
2025-10-17T05:21:06.857349,rolling_straddle,entry,83843.0,83800.0,512.55,367.0,879.55,3,,enter,1,"[{'action': 'sell', 'instrument': 'SENSEX251023C83800', 'lots': 1}, {'action': 'sell', 'instrument': 'SENSEX251023P83800', 'lots': 1}]",All orders sent,,
2025-10-17T05:22:43.657584,rolling_straddle,entry,83882.01,83900.0,476.35,385.0,861.35,3,,enter,1,"[{'action': 'sell', 'instrument': 'SENSEX251023C83900', 'lots': 1}, {'action': 'sell', 'instrument': 'SENSEX251023P83900', 'lots': 1}]",All orders sent,,
2025-10-17T05:28:29.587480,rolling_straddle,entry,83959.26,84000.0,467.6,403.05,870.6500000000001,3,,enter,1,"[{'action': 'sell', 'instrument': 'SENSEX251023C84000', 'lots': 1}, {'action': 'sell', 'instrument': 'SENSEX251023P84000', 'lots': 1}]",All orders sent,,
2025-10-17T05:32:42.083230,rolling_straddle,entry,84048.61,84000.0,550.8,369.3,920.0999999999999,3,,enter,1,"[{'action': 'sell', 'instrument': 'SENSEX251023C84000', 'lots': 1}, {'action': 'sell', 'instrument': 'SENSEX251023P84000', 'lots': 1}]",All orders sent,,
2025-10-17T05:41:04.552261,rolling_straddle,entry,84045.59,84000.0,553.35,377.55,930.9000000000001,3,,enter,1,"[{'action': 'sell', 'instrument': 'SENSEX251023C84000', 'lots': 1}, {'action': 'sell', 'instrument': 'SENSEX251023P84000', 'lots': 1}]",All orders sent,,
2025-10-17T05:43:43.770218,rolling_straddle,entry,84072.08,84100.0,515.0,409.75,924.75,3,,enter,1,"[{'action': 'sell', 'instrument': 'SENSEX251023C84100', 'lots': 1}, {'action': 'sell', 'instrument': 'SENSEX251023P84100', 'lots': 1}]",All orders sent,,
2025-10-17T05:52:35.672705,rolling_straddle,entry,84081.78,84100.0,514.8,392.45,907.25,3,,enter,1,"[{'action': 'sell', 'instrument': 'SENSEX251023C84100', 'lots': 1}, {'action': 'sell', 'instrument': 'SENSEX251023P84100', 'lots': 1}]",All orders sent,,
2025-10-17T06:13:08.813435,rolling_straddle,entry,84030.45,84000.0,531.0,362.95,893.95,3,,enter,1,"[{'action': 'sell', 'instrument': 'SENSEX251023C84000', 'lots': 1}, {'action': 'sell', 'instrument': 'SENSEX251023P84000', 'lots': 1}]",All orders sent,,
2025-10-17T06:14:45.001404,rolling_straddle,entry,84068.96,84100.0,485.0,400.5,885.5,3,,enter,1,"[{'action': 'sell', 'instrument': 'SENSEX251023C84100', 'lots': 1}, {'action': 'sell', 'instrument': 'SENSEX251023P84100', 'lots': 1}]",All orders sent,,
2025-10-17T06:16:22.156813,rolling_straddle,entry,84006.61,84000.0,497.35,387.65,885.0,3,,enter,1,"[{'action': 'sell', 'instrument': 'SENSEX251023C84000', 'lots': 1}, {'action': 'sell', 'instrument': 'SENSEX251023P84000', 'lots': 1}]",All orders sent,,
2025-10-17T06:20:03.447187,rolling_straddle,entry,84092.68,84100.0,486.0,402.05,888.05,3,,enter,1,"[{'action': 'sell', 'instrument': 'SENSEX251023C84100', 'lots': 1}, {'action': 'sell', 'instrument': 'SENSEX251023P84100', 'lots': 1}]",All orders sent,,
2025-10-17T06:21:39.999773,rolling_straddle,entry,83981.5,84000.0,503.75,390.05,893.8,3,,enter,1,"[{'action': 'sell', 'instrument': 'SENSEX251023C84000', 'lots': 1}, {'action': 'sell', 'instrument': 'SENSEX251023P84000', 'lots': 1}]",All orders sent,,
2025-10-17T06:23:17.543294,rolling_straddle,entry,83935.33,83900.0,550.1,356.15,906.25,3,,enter,1,"[{'action': 'sell', 'instrument': 'SENSEX251023C83900', 'lots': 1}, {'action': 'sell', 'instrument': 'SENSEX251023P83900', 'lots': 1}]",All orders sent,,
2025-10-17T06:24:55.356508,rolling_straddle,entry,84013.78,84000.0,514.7,376.7,891.4000000000001,3,,enter,1,"[{'action': 'sell', 'instrument': 'SENSEX251023C84000', 'lots': 1}, {'action': 'sell', 'instrument': 'SENSEX251023P84000', 'lots': 1}]",All orders sent,,
2025-10-17T06:29:07.997448,rolling_straddle,entry,84059.1,84100.0,481.3,400.5,881.8,3,,enter,1,"[{'action': 'sell', 'instrument': 'SENSEX251023C84100', 'lots': 1}, {'action': 'sell', 'instrument': 'SENSEX251023P84100', 'lots': 1}]",All orders sent,,
2025-10-17T06:46:45.885260,rolling_straddle,entry,84045.54,84000.0,554.2,351.7,905.9000000000001,3,,enter,1,"[{'action': 'sell', 'instrument': 'SENSEX251023C84000', 'lots': 1}, {'action': 'sell', 'instrument': 'SENSEX251023P84000', 'lots': 1}]",All orders sent,,
2025-10-17T06:48:22.661869,rolling_straddle,entry,84052.04,84100.0,498.0,389.3,887.3,3,,enter,1,"[{'action': 'sell', 'instrument': 'SENSEX251023C84100', 'lots': 1}, {'action': 'sell', 'instrument': 'SENSEX251023P84100', 'lots': 1}]",All orders sent,,
2025-10-17T06:56:10.481682,rolling_straddle,entry,84140.98,84100.0,512.9,370.0,882.9,3,,enter,1,"[{'action': 'sell', 'instrument': 'SENSEX251023C84100', 'lots': 1}, {'action': 'sell', 'instrument': 'SENSEX251023P84100', 'lots': 1}]",All orders sent,,
2025-10-17T06:57:46.807166,rolling_straddle,entry,84155.66,84200.0,461.35,406.75,868.1,3,,enter,1,"[{'action': 'sell', 'instrument': 'SENSEX251023C84200', 'lots': 1}, {'action': 'sell', 'instrument': 'SENSEX251023P84200', 'lots': 1}]",All orders sent,,
2025-10-17T07:01:26.990172,rolling_straddle,entry,84151.67,84200.0,458.95,407.25,866.2,3,,enter,1,"[{'action': 'sell', 'instrument': 'SENSEX251023C84200', 'lots': 1}, {'action': 'sell', 'instrument': 'SENSEX251023P84200', 'lots': 1}]",All orders sent,,
2025-10-17T07:03:03.762133,rolling_straddle,entry,84151.36,84200.0,461.75,405.95,867.7,3,,enter,1,"[{'action': 'sell', 'instrument': 'SENSEX251023C84200', 'lots': 1}, {'action': 'sell', 'instrument': 'SENSEX251023P84200', 'lots': 1}]",All orders sent,,
2025-10-17T07:07:14.829617,rolling_straddle,entry,84149.03,84100.0,512.7,377.15,889.85,3,,enter,1,"[{'action': 'sell', 'instrument': 'SENSEX251023C84100', 'lots': 1}, {'action': 'sell', 'instrument': 'SENSEX251023P84100', 'lots': 1}]",All orders sent,,
2025-10-17T07:19:10.568577,rolling_straddle,entry,83998.86,84000.0,503.4,398.3,901.7,3,,enter,1,"[{'action': 'sell', 'instrument': 'SENSEX251023C84000', 'lots': 1}, {'action': 'sell', 'instrument': 'SENSEX251023P84000', 'lots': 1}]",All orders sent,,
2025-10-17T07:23:21.979594,rolling_straddle,entry,83912.25,83900.0,502.95,426.5,929.45,3,,enter,1,"[{'action': 'sell', 'instrument': 'SENSEX251023C83900', 'lots': 1}, {'action': 'sell', 'instrument': 'SENSEX251023P83900', 'lots': 1}]",All orders sent,,
2025-10-17T07:33:19.073011,rolling_straddle,entry,83917.43,83900.0,503.9,412.6,916.5,3,,enter,1,"[{'action': 'sell', 'instrument': 'SENSEX251023C83900', 'lots': 1}, {'action': 'sell', 'instrument': 'SENSEX251023P83900', 'lots': 1}]",All orders sent,,
2025-10-17T07:37:01.137315,rolling_straddle,entry,83808.28,83800.0,483.75,421.0,904.75,3,,enter,1,"[{'action': 'sell', 'instrument': 'SENSEX251023C83800', 'lots': 1}, {'action': 'sell', 'instrument': 'SENSEX251023P83800', 'lots': 1}]",All orders sent,,
2025-10-17T08:06:34.719070,rolling_straddle,entry,83708.08,83700.0,470.05,431.05,901.1,3,,enter,1,"[{'action': 'sell', 'instrument': 'SENSEX251023C83700', 'lots': 1}, {'action': 'sell', 'instrument': 'SENSEX251023P83700', 'lots': 1}]",All orders sent,,
2025-10-17T08:09:44.528478,rolling_straddle,entry,83671.75,83700.0,460.7,436.3,897.0,3,,enter,1,"[{'action': 'sell', 'instrument': 'SENSEX251023C83700', 'lots': 1}, {'action': 'sell', 'instrument': 'SENSEX251023P83700', 'lots': 1}]",All orders sent,,
2025-10-17T08:11:52.501876,rolling_straddle,entry,83777.6,83800.0,432.15,449.1,881.25,3,,enter,1,"[{'action': 'sell', 'instrument': 'SENSEX251023C83800', 'lots': 1}, {'action': 'sell', 'instrument': 'SENSEX251023P83800', 'lots': 1}]",All orders sent,,
2025-10-17T08:17:39.088162,rolling_straddle,entry,83753.39,83800.0,432.4,447.6,880.0,3,,enter,1,"[{'action': 'sell', 'instrument': 'SENSEX251023C83800', 'lots': 1}, {'action': 'sell', 'instrument': 'SENSEX251023P83800', 'lots': 1}]",All orders sent,,
2025-10-17T08:21:22.863179,rolling_straddle,entry,83714.04,83700.0,463.55,432.15,895.7,3,,enter,1,"[{'action': 'sell', 'instrument': 'SENSEX251023C83700', 'lots': 1}, {'action': 'sell', 'instrument': 'SENSEX251023P83700', 'lots': 1}]",All orders sent,,
2025-10-17T08:29:12.966644,rolling_straddle,entry,83804.27,83800.0,476.4,411.95,888.3499999999999,3,,enter,1,"[{'action': 'sell', 'instrument': 'SENSEX251023C83800', 'lots': 1}, {'action': 'sell', 'instrument': 'SENSEX251023P83800', 'lots': 1}]",All orders sent,,
2025-10-17T08:40:38.152905,rolling_straddle,entry,83889.22,83900.0,465.65,396.55,862.2,3,,enter,1,"[{'action': 'sell', 'instrument': 'SENSEX251023C83900', 'lots': 1}, {'action': 'sell', 'instrument': 'SENSEX251023P83900', 'lots': 1}]",All orders sent,,
2025-10-17T08:45:53.765209,rolling_straddle,entry,83826.81,83800.0,491.7,382.2,873.9,3,,enter,1,"[{'action': 'sell', 'instrument': 'SENSEX251023C83800', 'lots': 1}, {'action': 'sell', 'instrument': 'SENSEX251023P83800', 'lots': 1}]",All orders sent,,
2025-10-17T08:47:30.967007,rolling_straddle,entry,83859.42,83900.0,464.95,403.1,868.05,3,,enter,1,"[{'action': 'sell', 'instrument': 'SENSEX251023C83900', 'lots': 1}, {'action': 'sell', 'instrument': 'SENSEX251023P83900', 'lots': 1}]",All orders sent,,
2025-10-17T08:54:18.128971,rolling_straddle,entry,83917.03,83900.0,479.7,389.2,868.9,3,,enter,1,"[{'action': 'sell', 'instrument': 'SENSEX251023C83900', 'lots': 1}, {'action': 'sell', 'instrument': 'SENSEX251023P83900', 'lots': 1}]",All orders sent,,
2025-10-17T08:56:26.079442,rolling_straddle,entry,83964.17,84000.0,441.4,418.3,859.7,3,,enter,1,"[{'action': 'sell', 'instrument': 'SENSEX251023C84000', 'lots': 1}, {'action': 'sell', 'instrument': 'SENSEX251023P84000', 'lots': 1}]",All orders sent,,
2025-10-17T08:58:34.435722,rolling_straddle,entry,83894.13,83900.0,489.75,375.7,865.45,3,,enter,1,"[{'action': 'sell', 'instrument': 'SENSEX251023C83900', 'lots': 1}, {'action': 'sell', 'instrument': 'SENSEX251023P83900', 'lots': 1}]",All orders sent,,
2025-10-17T09:00:42.860094,rolling_straddle,entry,83808.11,83800.0,514.25,352.65,866.9,3,,enter,1,"[{'action': 'sell', 'instrument': 'SENSEX251023C83800', 'lots': 1}, {'action': 'sell', 'instrument': 'SENSEX251023P83800', 'lots': 1}]",All orders sent,,
2025-10-17T09:02:20.500332,rolling_straddle,entry,83915.76,83900.0,483.75,376.25,860.0,3,,enter,1,"[{'action': 'sell', 'instrument': 'SENSEX251023C83900', 'lots': 1}, {'action': 'sell', 'instrument': 'SENSEX251023P83900', 'lots': 1}]",All orders sent,,
2025-10-17T09:07:03.785047,rolling_straddle,entry,83975.71,84000.0,456.95,385.5,842.45,3,,enter,1,"[{'action': 'sell', 'instrument': 'SENSEX251023C84000', 'lots': 1}, {'action': 'sell', 'instrument': 'SENSEX251023P84000', 'lots': 1}]",All orders sent,,
2025-10-17T09:41:07.218069,rolling_straddle,entry,83921.4,83900.0,470.2,381.5,851.7,3,,enter,1,"[{'action': 'sell', 'instrument': 'SENSEX251023C83900', 'lots': 1}, {'action': 'sell', 'instrument': 'SENSEX251023P83900', 'lots': 1}]",All orders sent,,
2025-10-17T09:49:57.960201,rolling_straddle,entry,83956.97,84000.0,448.9,396.55,845.45,3,,enter,1,"[{'action': 'sell', 'instrument': 'SENSEX251023C84000', 'lots': 1}, {'action': 'sell', 'instrument': 'SENSEX251023P84000', 'lots': 1}]",All orders sent,,
2025-10-17T09:53:08.083266,rolling_straddle,entry,83933.27,83900.0,493.0,364.8,857.8,3,,enter,1,"[{'action': 'sell', 'instrument': 'SENSEX251023C83900', 'lots': 1}, {'action': 'sell', 'instrument': 'SENSEX251023P83900', 'lots': 1}]",All orders sent,,
2025-10-17T10:01:39.718507,rolling_straddle,entry,83952.19,84000.0,412.25,412.25,824.5,3,,enter,1,"[{'action': 'sell', 'instrument': 'SENSEX251023C84000', 'lots': 1}, {'action': 'sell', 'instrument': 'SENSEX251023P84000', 'lots': 1}]",All orders sent,,
